Name,Category,Status,Last updated,Page URL
actividades,Personal,Mixed,,https://www.notion.so/1a4883d9015a80f09394c313001eec6c
Activities,BAISH,Mixed,,https://www.notion.so/1b0883d9015a80cd9fbdc8639194e009
AI Debate,Research,Draft,,https://www.notion.so/1a2883d9015a80c680c0e7afc05bf162
AI Safety Argentina Knowledge Base,Core org,Canonical,,https://www.notion.so/1c2883d9015a80438138f2ce24fb98e8
AI Safety Guide,Research,Mixed,,https://www.notion.so/13c883d9015a80e8b24cc16d6f753ace
AI SAFETY TEAM ANALYSIS,Research,Mixed,,https://www.notion.so/1ab883d9015a80e9b02de6cea5faed33
aplicar con estos docs,Grants,Mixed,,https://www.notion.so/1af883d9015a81b2ba5eeee04a6d2c9f
Argand,Core org,Mixed,,https://www.notion.so/1af883d9015a80f1b5dff28d2a7d4d8b
Argand - main concepts,Reference,Mixed,,https://www.notion.so/1a4883d9015a80f5897adad62f2eb69b
ARGAND - RAW INFO,Reference,Mixed,,https://www.notion.so/e0533ee4fe844890966d61319c5ad9da
Argand (VENTEN.AI),Partners,Mixed,,https://www.notion.so/11b883d9015a80479a49f72c9caa7d1c
Argand Institute - AI Safety Argentina,Core org,Canonical,,https://www.notion.so/1af883d9015a806e8718c9b53630293e
Argand Workspace Index,Core org,Mixed,,https://www.notion.so/1c2883d9015a80468d3ac991d61d9ec0
ARTICLES ABOUT VITALIK AND AI,Governance,Mixed,,https://www.notion.so/15a883d9015a80af8217f6a13718863c
BA AI Safety Initiative,BAISH,Mixed,,https://www.notion.so/1af883d9015a80f4a181dc7eb8b7e00d
"BA HUB, MEMBERS AND PARTNERS",BAISH,Mixed,,https://www.notion.so/15f883d9015a802192c5f621d0aee323
BAISH - BA AI Safety Hub,BAISH,Canonical,,https://www.notion.so/1a6883d9015a80c586afce823d1ed18e
BASH RAW,Raw,Draft,,https://www.notion.so/1a2883d9015a80be9505fa8cc29366d9
BOSKE,Programs,Mixed,,https://www.notion.so/168883d9015a80cb9a1bf96a370675de
Critical Analysis: Chain-of-Thought Faithfulness,Research,Mixed,,https://www.notion.so/1bb883d9015a8053be9edc2408ba2cd6
De AI Conference,Events,Canonical,,https://www.notion.so/275883d9015a807f8bd8f481abc4b1d1
destacados,Reference,Mixed,,https://www.notion.so/1b7883d9015a80f298e0f47417545a7f
Ethereum: The Foundation for AI Safety,Research,Mixed,,https://www.notion.so/168883d9015a80dfb105f76a9accc6dd
Feedback,BAISH,Mixed,,https://www.notion.so/1b0883d9015a80aeabe4df5f92ba115b
First: why ethereum?,Research,Mixed,,https://www.notion.so/168883d9015a80338bd9c8bf3cba1560
for profit AI Safety startup questions from Esben Kran,VENTEN,Mixed,,https://www.notion.so/154883d9015a8096a858c779ccacfd25
from safety to security,Reference,Mixed,,https://www.notion.so/1af883d9015a80029d6ecbe1bca0e6b2
Future of AI Research - 2025,Reference,Mixed,,https://www.notion.so/1ab883d9015a80c4a1dfc6bf3cdf17d6
Implementing Control Evaluation in AI Safety Research,Research,Mixed,,https://www.notion.so/1a2883d9015a8094b477dd017904c0be
INFO FROM THE GRANT ORG,Grants,Canonical,,https://www.notion.so/1b0883d9015a811aa4fbf7fe49d31e2a
interesting safety links,Reference,Mixed,,https://www.notion.so/1c2883d9015a802e9dfafadedec0e5f6
International Network of AI Safety Institutes,Reference,Mixed,,https://www.notion.so/1ab883d9015a80bdaa71f0ba77467a8d
Introducción a Argand AI Safety Hub,Raw,Draft,,https://www.notion.so/1a2883d9015a8074a5f1db33a15b6801
key points,Research,Draft,,https://www.notion.so/1a2883d9015a806ea6cad6ee636ad134
LATAM AND AI SAFETY (Articles),Governance,Mixed,,https://www.notion.so/15e883d9015a817aa3f8f196a6057cb8
LATAM AND AI SAFETY (DeAI Day),Governance,Mixed,,https://www.notion.so/153883d9015a8064855ccb2a321ee79f
le pedí criterios de AI Safety para latam,VENTEN,Mixed,,https://www.notion.so/1aa883d9015a80feaecffbf7621c9131
Market Research,VENTEN,Mixed,,https://www.notion.so/162883d9015a800ea52fd994885bfe67
Matias Z - AI Journey,Personal,Mixed,,https://www.notion.so/1b5883d9015a80d7a6f0caeb89cebfdc
Members,BAISH,Canonical,,https://www.notion.so/1b4883d9015a80c9b830e9d34179f92d
new version: Intro a Argand,Raw,Draft,,https://www.notion.so/1a2883d9015a806b93ddc4fb1f70b371
projects,Projects,Canonical,,https://www.notion.so/1bc883d9015a80d49636df46ee1c470b
Proposal,Strategy,Canonical,,https://www.notion.so/1b0883d9015a80c68059ec22af8dd3f2
Recommendations for national and regional engagement,Reference,Mixed,,https://www.notion.so/1ab883d9015a8001a2fac1b088b63ed0
Research Priorities,BAISH,Canonical,,https://www.notion.so/1b0883d9015a80b69213f3e16f6a36e7
ROADMAP - BOSKE - ARGAND - VENTEN,Strategy,Mixed,,https://www.notion.so/12c883d9015a8084bad1e6eac40e3068
Safe AI Buenos Aires Application Form - Spring 2025,Grants,Canonical,,https://www.notion.so/1bb883d9015a80318956e6a0ad4f7ebd
Safe AI Buenos Aires Course - Spring 2025,Programs,Canonical,,https://www.notion.so/1b7883d9015a8023a693df72c5889e1c
Safety Gap is not closing,Research,Draft,,https://www.notion.so/171883d9015a80a9951edee7b44d5b37
Strategy,Strategy,Canonical,,https://www.notion.so/1ab883d9015a800682dac3e3c4fd95b9
VENTEN.AI,Partners,Mixed,,https://www.notion.so/168883d9015a806986c8f5e0b3290258
Web3 for Medical LLM Safety: Proposals,Research,Mixed,,https://www.notion.so/148883d9015a8023ae0aeffd39b567b1
What is an AI Safety Institute?,Reference,Mixed,,https://www.notion.so/1ab883d9015a8053a2b8c7b863d1157c